ts,open,high,low,close,volume,RSI,EMA20,OBV,MACD,ATR,ai_prob,timestamp_human
1774101000000,70695.0,70723.0,70694.9,70723.0,4.7349,55.73417133196122,70689.46451047933,481.7359,19.07480764822685,44.08847284477571,41.611191630363464,2026-03-21 21:51:37
1774101300000,70696.6,70696.6,70674.4,70674.4,5.2568,49.48772822149522,70685.75440662679,440.6395999999999,13.976599544519559,42.521789834193314,40.59904217720032,2026-03-21 21:56:37
1774101600000,70694.0,70760.0,70693.9,70735.5,81.1028,57.52476198851803,70692.1712599508,488.1625,17.546505269026966,45.04292709447863,41.42919480800629,2026-03-21 22:01:38
1774101900000,70725.1,70745.0,70722.0,70745.0,14.0557,58.77136137793222,70696.3050806427,629.2621,19.038647789275274,43.46954590837736,45.454952120780945,2026-03-21 22:06:38
1774102200000,70770.2,70877.0,70765.3,70877.0,292.6899,70.41821451684733,70715.6859613271,1056.6719,32.716138292787946,50.66395841563583,25.68909227848053,2026-03-21 22:11:38
1774102500000,70985.9,71032.1,70962.7,70964.3,235.7336,73.07700859860608,70748.7481819739,1710.9503,55.1523499610048,65.97960317436517,6.315971910953522,2026-03-21 22:16:38
1774102800000,70979.1,70979.1,70933.3,70943.9,110.9834,70.1431730850033,70768.60193847766,1399.3398,64.57383027138712,69.36104723573546,5.597244203090668,2026-03-21 22:21:39
1774103100000,70915.8,70915.8,70889.4,70903.1,41.3059,65.07683315237628,70778.98262093811,1245.4488,65.29778667006758,67.93065150908612,7.91444405913353,92.08555594086647
1774103400000,70890.2,70930.6,70890.1,70903.2,45.9585,64.42918877330192,70789.70317206746,1090.2246999999995,66.09082412532007,66.25347965137269,8.373618125915527,91.62638187408447
1774103700000,70950.0,70979.1,70922.2,70923.0,113.5299,64.0763449079885,70806.4315640486,984.0034999999998,71.2243979726336,66.86671127835709,8.5777647793293,91.4222352206707
1774104000000,70900.1,70928.6,70893.9,70910.1,109.6402,62.16857307848514,70814.3322306498,789.7326,69.08130264586362,66.03976443804366,6.934534013271332,93.06546598672867
1774104300000,70899.3,70899.3,70888.9,70889.0,20.3086,60.20955874286736,70820.51328971023,570.3494000000002,65.70018246299878,62.24384058259243,8.94668698310852,91.05331301689148
1774104600000,70765.4,70765.4,70700.1,70708.0,150.3696,44.125038765373866,70799.14003830616,1.7801000000000613,40.91268565601786,73.77400721182775,6.930956244468689,93.06904375553131
1774104900000,70654.6,70654.6,70643.0,70643.0,6.1035,40.01627643216311,70779.67024498878,-581.5565999999999,20.28174104723439,76.24456814166389,4.41361628472805,95.58638371527195,2026-03-21 22:55:06
1774105200000,70588.5,70613.5,70588.5,70589.1,34.2789,37.00857830804508,70756.83523394344,-1009.1180999999999,-0.4240043751633493,78.74705183592091,3.8136254996061325,96.18637450039387,2026-03-21 23:00:06
1774105500000,70600.1,70600.1,70593.8,70593.9,1.1454,37.66743099108563,70742.25948216712,-735.6416,-12.185307233186904,77.73165594511156,3.4433726221323013,96.5566273778677,2026-03-21 23:05:07
1774105800000,70577.4,70577.5,70572.1,70572.1,3.571,36.38996486328239,70724.63321995454,-995.1921000000001,-24.687950533712865,76.68762001221889,2.872609719634056,97.12739028036594,2026-03-21 23:10:07
1774106100000,70612.5,70632.8,70612.4,70619.7,10.1309,40.892982265930094,70718.12158162068,-949.0573999999999,-26.880066785684903,75.11864914098275,2.453054301440716,97.54694569855928,2026-03-21 23:15:07
1774106100000,70612.5,70632.8,70515.0,70543.0,139.1966,35.954803417726254,70710.81681971591,-1098.3849,-32.9985853042017,82.0757919981252,2.4480165913701057,97.5519834086299,2026-03-21 23:16:54
1774106400000,70477.7,70549.6,70477.6,70540.0,113.2255,38.42494193289074,70688.91377025118,-1291.1204,-45.92191311696661,87.26084727687729,2.1385695785284042,97.8614304214716,2026-03-21 23:21:54
1774106700000,70593.7,70600.9,70574.3,70600.0,38.0774,43.14543668050355,70685.0742704023,-1126.1549000000002,-43.35157709897612,86.64185051143255,1.875615119934082,98.12438488006592,2026-03-21 23:26:54
1774107000000,70639.5,70644.2,70621.4,70639.7,50.5101,45.989432208529855,70684.15768360437,-1090.3536,-38.60231988524902,84.64685310392407,1.2114404700696468,98.78855952993035,2026-03-21 23:31:54
1774107300000,70732.1,70732.1,70653.2,70653.2,67.1252,47.221955959982765,70689.16214972193,-1108.0198,-30.144630917406175,90.06482178367462,0.9435897693037987,99.0564102306962,2026-03-21 23:36:55
1774107600000,70594.1,70636.2,70574.5,70632.4,28.9101,46.498446396796815,70678.6615814167,-1490.0411999999997,-34.233739388146205,92.39049223075006,0.9421017952263355,99.05789820477366,2026-03-21 23:41:55
1774107900000,70595.5,70649.9,70595.2,70613.3,36.027,45.41404554360719,70669.24469636835,-1244.7026999999994,-37.13911886808637,90.4811666624015,1.4181789942085743,98.58182100579143,2026-03-21 23:46:55
1774107900000,70595.5,70649.9,70595.2,70626.1,78.3455,46.28189945863367,70670.46374398739,-1202.3841999999995,-36.118036247004056,90.4811666624015,1.4032533392310143,98.59674666076899,1.1509999999999128,-1.0,23:49:36
1774108200000,70626.2,70631.3,70600.0,70631.3,17.6159,46.65505853490329,70666.73087326234,-1081.0582999999997,-34.46377443343226,86.25068672166503,1.6513464972376823,98.34865350276232,1.1029999999998836,-1.0,23:53:17
1774108200000,70626.2,70648.0,70600.0,70633.5,29.9289,46.810511140641445,70666.94039707186,-1068.7452999999996,-34.288275857950794,87.44354386452197,1.6461171209812164,98.35388287901878,2026-03-21 23:54:33
1774108500000,70623.9,70637.3,70611.0,70611.0,16.1067,45.320621528455185,70660.78378510085,-1021.6232000000003,-34.84647716161271,83.08034196477247,2.2074786946177483,97.79252130538225,1.29,-1.0,23:56:49
1774108500000,70623.9,70637.3,70601.6,70601.6,55.2357,44.72754731917502,70659.88854700561,-1060.7522000000004,-35.59633471148845,83.75177053620064,2.1938448771834373,97.80615512281656,2026-03-21 23:59:33
1774109100000,70591.5,70619.8,70591.4,70615.5,26.1619,46.22624407134214,70648.7217039557,-941.4506000000002,-35.35852525499649,79.43300066997782,6.92218542098999,93.07781457901001,1.208999999999942,2026-03-22 00:06:18
1774109100000,70591.5,70619.8,70591.4,70601.4,36.601,45.04882158662889,70647.37884681285,-931.0115000000002,-36.483311579781,79.43300066997782,6.954154372215271,93.04584562778473,1.3779999999998835,2026-03-22 00:07:46
1774109100000,70591.5,70619.8,70576.1,70582.9,56.6701,43.599470055254606,70645.61694205094,-1024.2826000000002,-37.95909505557211,80.52585781283413,6.969683617353439,93.03031638264656,1.5859999999999128,2026-03-22 00:09:39
1774109400000,70579.6,70579.6,70521.0,70538.0,90.9633,40.54301726933481,70635.08243847707,-1232.3398000000002,-41.872420922256424,78.96001679145735,9.694444388151169,90.30555561184883,2.023999999999942,2026-03-22 00:14:39
1774109400000,70579.6,70579.6,70521.0,70538.0,90.9633,40.54301726933481,70635.08243847707,-1232.3398000000002,-41.872420922256424,78.96001679145735,9.694444388151169,90.30555561184883,2026-03-22 00:14:40
1774109700000,70526.6,70598.0,70450.0,70456.4,284.3694,35.70833666835187,70617.08078773231,-1443.9353999999998,-51.46253450711083,83.89497653332297,18.25689524412155,81.74310475587845,2.8429999999998836,2026-03-22 00:19:40
1774109700000,70526.6,70598.0,70450.0,70456.5,284.5432,35.71361737074157,70617.09031154183,-1444.1091999999999,-51.45455729911919,83.89497653332297,18.254894018173218,81.74510598182678,2026-03-22 00:19:40
1774110000000,70477.9,70493.0,70477.8,70493.0,10.514,38.41901572110075,70607.10643240146,-1243.5872,-53.44378304600832,78.99410270631638,43.88572871685028,2.47,2026-03-22 00:20:33
1774110000000,70477.9,70518.2,70457.3,70507.1,73.8517,39.78120155203856,70608.44928954431,-1180.2495,-52.31899672122381,82.25838842060189,43.46433877944946,2.336999999999971,2026-03-22 00:23:46
1774110300000,70487.9,70503.1,70484.7,70494.1,34.6033,38.52384539456451,70595.9029106787,-1203.2912999999994,-55.95424268352508,77.6986996605577,48.02795052528381,2.458999999999942,2026-03-22 00:28:21
1774110600000,70382.2,70444.5,70367.8,70440.3,130.4183,37.72442983660797,70571.44838253933,-1646.6159,-68.14365750664729,90.61201882420649,88.30264210700989,2.996999999999971,2026-03-22 00:33:21
1774110900000,70442.8,70446.5,70409.9,70443.4,142.5131,37.99501489092029,70559.46833398084,-964.4915999999997,-69.53633317629283,86.74740288421168,98.55045676231384,2.9669999999999708,2026-03-22 00:38:22
1774111500000,70342.8,70369.3,70331.4,70369.3,46.6852,35.32353896409431,70519.29738904106,-1951.5437000000002,-83.69715942483163,86.45417733582308,93.81571412086487,3.6989999999999417,2026-03-22 00:46:24
1774111800000,70380.4,70380.5,70364.2,70374.0,23.3765,36.00658447203741,70506.41665239031,-2087.3077,-84.03046831327083,83.46574116837876,78.34697365760803,3.658999999999942,2026-03-22 00:51:26
1774112100000,70336.4,70336.5,70200.0,70229.6,309.1305,29.055478572265763,70476.81443702317,-2449.5915000000005,-97.86509697472502,89.30661123256999,78.44656109809875,5.133999999999942,2026-03-22 00:56:28
1774112400000,70275.7,70282.3,70269.2,70271.9,39.0783,30.8265891993641,70461.2813260192,-2434.2666000000004,-99.01863376582332,83.86667404832622,80.04966974258423,4.671999999999971,2026-03-22 01:01:30
1774112700000,70330.0,70344.0,70289.0,70289.1,25.9704,34.24244643604938,70449.89132827909,-2198.1861,-96.73310826007219,84.9672460777416,81.19915723800659,4.51,2026-03-22 01:06:32
1774113000000,70224.9,70224.9,70181.8,70203.1,51.6458,30.42254230088342,70420.84829444438,-2528.7297999999996,-108.29410558202653,90.23661748155884,59.472477436065674,5.360999999999913,2026-03-22 01:11:34
1774113300000,70241.5,70249.7,70215.3,70249.7,26.981,33.74557986512032,70407.86702066407,-2487.9798,-106.01086481371021,87.91714010212766,76.82265043258667,4.863999999999942,2026-03-22 01:16:36
1774113600000,70261.2,70315.0,70251.0,70295.9,22.606,38.2361381840616,70398.1946048535,-2588.9844999999996,-101.02137147085159,88.5203244705781,26.833689212799072,4.425999999999913,2026-03-22 01:21:38
1774113900000,70333.0,70379.3,70320.1,70320.1,68.6274,40.63955078011981,70393.95368166517,-2603.2004999999995,-92.45728908770252,89.40829330596358,11.184031516313553,4.202999999999884,2026-03-22 01:26:39
1774114200000,70327.8,70342.6,70326.6,70342.6,29.8028,42.531234849209035,70389.71689284252,-2557.381,-84.74525906029157,84.1655194358186,15.788805484771729,3.9259999999999127,2026-03-22 01:31:42
1774114500000,70363.5,70386.5,70363.5,70386.5,16.2083,46.409640362567714,70391.21976995871,-2398.5731,-73.42100704171753,83.19812787345272,8.900230377912521,3.54,2026-03-22 01:36:43
2026-03-22 01:36:48,70381.4,8.945690095424652,3.583999999999942,30.125164496828358
1774114800000,70361.0,70372.3,70339.2,70367.7,28.1441,44.920453600551234,70386.78256079818,-2367.4925000000003,-68.09822771025938,82.06988354752538,7.194817066192627,3.6939999999999418,2026-03-22 01:41:45
2026-03-22 01:41:52,70360.5,7.248082011938095,3.7789999999999417,30.327164496828328
1774115100000,70364.8,70382.0,70364.8,70368.0,16.8668,44.972757299036246,70384.74478294214,-2372.7097000000003,-61.71782767469995,78.1320350465582,9.603767842054367,3.7179999999998836,2026-03-22 01:46:47
2026-03-22 01:46:55,70368.0,9.603483974933624,3.7189999999999417,30.260164496828356
2026-03-22 01:51:36,70284.2,6.946974992752075,4.635999999999913,31.16216449682833
2026-03-22 01:56:39,70284.6,25.2451092004776,4.552999999999884,31.0941644968283
1774115700000,70285.0,70313.2,70284.6,70300.0,27.3709,40.216967969955135,70365.14787956231,-2426.8328000000006,-62.85783286027436,77.97995098127109,24.10624325275421,4.381999999999971,2026-03-22 01:57:55
1774115700000,70285.0,70313.2,70284.6,70288.9,39.1456,38.960815980464,70364.09073670517,-2415.0581000000006,-63.74330294573156,77.97995098127109,24.856089055538177,4.51,2026-03-22 01:59:30
1774116000000,70276.5,70313.1,70270.5,70275.6,41.5656,37.794907175065184,70354.59450377314,-2603.1486,-64.04812337292242,75.98709096965963,39.03811872005463,4.645999999999913,2026-03-22 02:04:32
1774116300000,70280.9,70338.4,70259.0,70331.0,42.0328,44.42120219956555,70352.80334568705,-2414.5951000000005,-58.027226515856455,76.2330660541681,71.3656485080719,4.052999999999884,2026-03-22 02:09:34
1774116600000,70337.0,70343.3,70309.7,70315.3,33.7014,43.13068100204483,70349.75658916196,-2419.2236000000003,-53.845169614316546,73.188369461415,74.50254559516907,4.295,2026-03-22 02:14:36
1774116900000,70336.0,70358.0,70315.1,70332.6,29.7337,44.637372342605,70349.90537736203,-2620.9872000000005,-47.6807612706034,71.62481882916155,38.98496329784393,4.073999999999942,2026-03-22 02:19:37
1774117200000,70358.0,70414.4,70357.9,70380.8,74.6547,50.10508512679552,70355.02621868174,-2528.992,-38.19447211334773,70.53849476117503,14.583265781402588,3.596999999999971,2026-03-22 02:24:39
1774118700000,70448.2,70448.2,70405.9,70405.9,76.3652,51.87486348894703,70379.56239420455,-2331.929600000001,-5.227286875102436,67.56953785474848,1.7759699374437332,3.3379999999998837,2026-03-22 02:47:22
1774119000000,70407.5,70411.5,70368.6,70374.3,16.403,48.01315672351619,70379.19764891846,-2418.2012000000004,-5.479543125678902,66.58669584517475,1.791076734662056,3.640999999999913,2026-03-22 02:52:05
1774119300000,70366.9,70383.0,70366.9,70382.9,8.2658,49.21050083575882,70378.91145535416,-2393.783500000001,-5.487205429351889,64.81243461777085,2.091096341609955,3.5729999999998836,2026-03-22 02:57:04
1774119300000,70366.9,70395.8,70366.9,70381.7,23.625,49.06610453071222,70378.79716963987,-2378.424300000001,-5.582931925076991,65.72672033205677,2.0828433334827423,3.5779999999998835,2026-03-22 02:58:26
1774119600000,70364.8,70400.0,70360.0,70393.1,66.101,50.684476730216296,70378.70161399097,-2378.9628000000007,-5.2753737416205695,64.02725214541539,3.3754535019397736,3.4689999999999417,2026-03-22 03:03:28
1774119900000,70400.7,70410.9,70388.5,70410.9,36.1613,52.83560647625793,70382.42185662944,-2344.165000000001,-2.0330448524910025,61.10019063315396,3.620951995253563,3.3439999999999417,2026-03-22 03:08:30
1774120200000,70389.1,70396.9,70367.3,70396.9,22.4493,51.09264805199911,70381.92221256893,-2424.1978000000004,-2.406540289230179,58.851025063877174,4.405106604099274,3.4450000000000003,2026-03-22 03:13:32
1774120500000,70396.9,70396.9,70362.0,70394.9,14.7489,50.80121149566276,70383.15734671269,-2366.8179000000005,-1.4609272431553109,57.14153836299202,7.679126411676407,3.4469999999999708,2026-03-22 03:18:34
1774120800000,70394.3,70402.9,70384.0,70402.8,8.8705,51.91142583723061,70384.96717149284,-2333.6748000000007,-0.11883006757125258,54.41224627628937,6.459301710128784,3.3679999999998835,2026-03-22 03:23:36
1774121100000,70391.5,70415.4,70385.5,70415.4,35.2054,53.91266527101647,70386.89209980777,-2276.927300000001,1.2936679448903305,52.66215515894172,4.547245055437088,3.245,2026-03-22 03:28:38
1774121400000,70382.1,70392.9,70323.2,70350.0,20.0593,43.99576514685666,70380.51050245536,-2431.6287000000007,-4.191875762044219,54.111320019340155,2.504955790936947,3.9039999999999417,2026-03-22 03:33:40
1774121700000,70335.1,70351.7,70305.6,70317.3,64.2657,39.842385721850036,70373.20765554321,-2534.536200000001,-9.886923812286113,53.53959396730906,2.5177260860800743,4.221999999999971,2026-03-22 03:38:42
1774122000000,70295.9,70318.2,70288.5,70304.5,53.6702,39.00387900231874,70364.81295708127,-2545.471500000001,-15.64785238695913,52.49075095291402,2.9168231412768364,4.361999999999971,2026-03-22 03:43:44
1774122300000,70315.6,70353.3,70315.5,70343.6,23.6843,45.65541685623076,70363.74963875776,-2460.6624000000006,-14.842060865281383,51.44455303130997,5.095010995864868,3.9629999999998837,2026-03-22 03:48:45
1774122600000,70325.1,70330.1,70310.0,70330.1,28.8413,43.5881372309076,70358.94329054268,-2488.7044000000005,-16.96310309965338,49.20788795236573,4.724136367440224,4.091999999999971,2026-03-22 03:53:47
1774122900000,70332.6,70370.6,70320.1,70359.2,53.3879,48.59129717181501,70359.18320997621,-2482.7665000000006,-14.79385782351892,49.46919776466772,4.169615730643272,3.81,2026-03-22 03:58:49
1774123200000,70360.8,70393.9,70351.7,70351.8,72.5035,47.42219829035243,70358.62762648829,-2512.5134000000003,-13.566463410956203,48.95169592164266,3.743811324238777,3.895999999999913,2026-03-22 04:03:51
1774123500000,70350.1,70350.1,70328.3,70328.4,12.5352,43.960891627680994,70355.60370343574,-2511.024500000001,-14.532025455133407,47.12696316230233,3.0726471915841103,4.116999999999971,2026-03-22 04:08:53
1774123800000,70360.3,70400.0,70350.3,70400.0,13.9724,55.46366321518828,70362.5819258737,-2551.9270000000006,-7.341211092527374,47.99031210456731,1.9335979595780373,3.401999999999971,2026-03-22 04:13:54
1774124100000,70367.8,70369.0,70325.7,70362.4,28.6398,49.27932329525546,70359.79137964858,-2747.2689,-8.592238892772002,47.65595849761213,1.4564581215381622,3.772999999999884,2026-03-22 04:18:56
1774124400000,70364.7,70440.7,70364.7,70440.6,34.7349,61.49347037578745,70367.69449541986,-2654.617,-1.0412622572475811,49.67699094327589,1.3416181318461895,3.000999999999913,2026-03-22 04:23:58
1774124700000,70403.3,70433.9,70400.0,70410.9,43.4111,57.6463711410931,70368.59555624782,-2661.637200000001,0.06955230310268234,48.54656547633667,1.2870227918028831,3.27,2026-03-22 04:29:00
1774125000000,70417.5,70450.0,70417.5,70433.0,49.0577,61.08640856244801,70375.28959613742,-2466.647400000001,5.428349779424025,47.411873287022566,1.5342935919761658,3.0739999999999417,2026-03-22 04:34:01
1774125300000,70427.6,70445.5,70406.3,70433.9,40.0443,61.21391531575356,70380.40685693605,-2593.7492000000007,8.892610154725844,46.824424551851706,1.337116677314043,3.0479999999998837,2026-03-22 04:39:03
1774125600000,70440.7,70440.7,70402.2,70408.6,31.9124,54.88697701486076,70383.66838850094,-2746.5712000000003,10.25210869172588,46.22311503942338,1.2873560190200806,3.295,2026-03-22 04:44:05
1774125900000,70422.4,70467.4,70422.3,70467.4,72.3129,64.47890019478123,70392.83015650905,-2877.845300000001,16.31963806223939,46.14568308264944,1.2938516214489937,2.74,2026-03-22 04:49:07
1774126200000,70422.5,70431.8,70406.8,70406.8,25.3604,54.175568944160084,70390.27919979444,-3102.5468000000005,12.411468459002208,44.63295764282109,1.283677015453577,3.330999999999913,2026-03-22 04:54:08
1774126500000,70420.6,70428.6,70414.0,70423.5,14.8401,57.91667880252601,70394.6282119317,-3060.0606000000002,14.191139823378762,42.48540598082198,1.445667538791895,3.151999999999971,2026-03-22 04:59:10
1774126800000,70423.5,70423.6,70380.0,70392.1,29.8088,50.1215962168816,70394.3848074791,-3002.4846000000002,12.041832104965579,42.568328443067415,1.8054768443107605,3.48,2026-03-22 05:04:12
1774127100000,70422.0,70472.7,70410.9,70472.4,138.7004,66.58494504883704,70404.38994559197,-2836.7169,18.45277465377876,44.145532291460576,1.9573606550693512,2.6779999999998836,2026-03-22 05:09:14
1774127400000,70445.5,70445.5,70317.0,70336.8,204.8422,40.052265816205264,70395.64192373604,-3055.0971999999997,8.924072970592533,50.17936734119129,1.886262558400631,4.021999999999971,2026-03-22 05:14:15
1774127700000,70330.0,70359.9,70324.5,70336.6,55.2885,40.67067071817311,70389.43245939119,-2934.9112999999998,2.5909344370884355,49.12675260904752,1.9393948838114738,4.035,2026-03-22 05:19:17
1774128000000,70336.7,70359.6,70321.6,70332.3,50.7455,39.91786969902116,70384.00011846006,-3047.7853000000005,-2.3148729424283374,48.331811299190775,1.5888174995779991,4.077999999999884,2026-03-22 05:24:19
1774128300000,70332.2,70339.5,70323.4,70325.9,67.5803,39.11787647845708,70378.4684054039,-3100.3037999999997,-6.661464912365773,46.030319197467385,1.410190761089325,4.14,2026-03-22 05:29:21
1774128600000,70321.3,70359.9,70321.3,70353.4,37.3477,45.17240551230378,70375.69674678068,-3276.0915,-8.06555290146207,45.64470751180603,1.3111099600791931,3.86,2026-03-22 05:34:22
1774128900000,70322.8,70339.0,70317.0,70332.5,50.8913,41.10836139013134,70368.95796497486,-3084.0828999999994,-12.326200063776923,43.95642759641525,1.5168897807598114,4.073999999999942,2026-03-22 05:39:24
1774129200000,70332.5,70365.9,70320.6,70365.8,116.2574,48.71704644547569,70368.66141272447,-2998.5159999999996,-10.960591202048818,44.05017332383116,1.371865440160036,3.7169999999999708,2026-03-22 05:44:26
1774129500000,70312.5,70340.0,70304.8,70329.9,78.6341,42.09415189277087,70360.38144672383,-3274.5688999999998,-15.929701510773157,44.47037684236687,1.1505025438964367,4.076999999999971,2026-03-22 05:49:28
1774129800000,70303.1,70322.1,70231.0,70290.6,99.0854,34.3212540152317,70351.4207047291,-3490.3052,-21.099613014157512,47.92326079630357,1.1420470662415028,4.44,2026-03-22 05:54:29
1774130100000,70316.1,70333.3,70290.1,70333.1,80.6926,44.20870823012774,70351.878690447,-3127.4487,-18.27031377455569,47.58992674580341,1.2099018320441246,4.065,2026-03-22 05:59:31
1774130400000,70320.9,70378.0,70234.1,70251.2,182.5327,30.7322059791062,70341.23395654354,-3379.2177,-24.733290840347763,54.47735076291642,1.4058048836886883,4.8879999999998835,2026-03-22 06:04:33
1774130700000,70276.1,70308.6,70261.7,70262.9,38.7368,31.962535566186855,70335.92169360581,-3443.5729000000006,-26.28411339406739,53.942735595654895,1.4138169586658478,4.801999999999971,2026-03-22 06:09:35
1774131000000,70245.4,70286.9,70245.4,70280.4,28.1448,38.68603657735495,70329.11838648246,-3336.4973999999997,-28.445215527128312,54.15749173409551,1.573185995221138,4.588999999999942,2026-03-22 06:14:37
1774131300000,70279.9,70302.7,70279.9,70280.3,43.7673,38.7007315711842,70324.42913891003,-3444.6213,-28.756537055785884,51.92599812912914,1.4852551743388176,4.61,2026-03-22 06:19:38
1774131600000,70277.9,70278.7,70252.2,70256.3,50.377,35.566304633475276,70317.74497221783,-3714.0405,-30.701780157571193,51.03659862202311,1.3538879342377186,4.835999999999912,2026-03-22 06:24:40
1774131900000,70256.3,70274.2,70246.3,70250.9,39.5321,34.28748569571958,70311.37987301925,-5008.481600000001,-32.16415536927525,49.389569009561384,0.839976966381073,4.890999999999913,2026-03-22 06:29:42
1774132200000,70250.9,70315.1,70238.0,70309.9,48.0004,47.47749918421389,70311.23623197938,-4491.7786,-28.207679683779133,51.343536380178215,1.0384991765022278,4.306999999999971,2026-03-22 06:34:43
1774132500000,70309.1,70340.0,70309.1,70318.5,37.4174,49.159763668488246,70311.85646312305,-4251.900499999999,-24.156290770653868,49.878219876512865,1.15061579272151,4.2059999999999125,2026-03-22 06:39:45
1774132800000,70298.2,70332.1,70270.9,70270.9,33.1828,41.39571242211106,70306.19578721345,-4284.725999999998,-25.704886342122336,51.419504579875195,1.2281897477805614,4.691999999999971,2026-03-22 06:44:47
1774133100000,70271.0,70275.5,70238.0,70238.0,144.5396,36.70510797160855,70299.69880290465,-4532.0005999999985,-27.977145303055295,50.43346220205295,1.159974467009306,4.981999999999971,2026-03-22 06:49:49
1774133400000,70271.3,70271.3,70238.1,70254.0,26.2144,38.68795400065487,70298.22170280239,-4041.747599999999,-26.09860494863824,49.21527158241974,1.2599142268300056,4.866999999999971,2026-03-22 06:54:51
1774133700000,70253.0,70277.2,70250.0,70262.5,27.926,40.615740684816636,70294.73152557368,-3912.9465999999998,-25.79476195528696,48.41554605925159,1.2638026848435402,4.775,2026-03-22 06:59:52
1774134000000,70252.7,70276.7,70184.6,70213.6,291.4226,32.81189064951993,70286.15751763957,-3872.6232999999997,-29.70271982322447,51.54414093131777,1.4199113473296165,5.261999999999971,2026-03-22 07:04:54
1774134300000,70222.0,70240.0,70191.3,70205.7,72.2227,31.789476357384643,70279.21912662336,-3304.7451000000005,-31.9432466692233,51.33185277861008,2.4240799248218536,5.3879999999998835,2026-03-22 07:09:56
1774134600000,70195.9,70196.0,70095.2,70121.7,367.0218,23.696358005723628,70263.37360544481,-3149.3809000000006,-41.16783532311092,54.856410876886756,14.811058342456818,6.181999999999971,2026-03-22 07:14:58
1774134900000,70121.7,70186.7,70095.2,70159.6,141.7472,32.19372500771416,70253.49256005364,-3286.1058,-44.309218582871836,57.47194857502427,8.476094156503677,5.798999999999942,2026-03-22 07:19:59
1774135200000,70159.7,70188.8,70134.9,70136.1,116.2736,30.05103631697026,70242.32345953952,-3189.7361,-48.130882857585675,57.21646634112865,26.225844025611877,6.115,2026-03-22 07:25:01
1774135800000,70088.9,70088.9,70088.8,70088.8,3.1237,26.324757112445127,70214.0098899405,-2908.448999999999,-58.87838172556076,52.681918654613966,84.90834832191467,6.511999999999971,2026-03-22 07:30:03
1774136100000,70108.5,70108.6,70108.5,70108.5,0.2834,30.25868800696039,70205.66325170983,-2984.069699999999,-58.69293146794371,53.567930559721255,41.7931854724884,0.0,2026-03-22 07:35:05
1774136400000,70125.8,70125.8,70125.7,70125.7,2.119,33.81501469002685,70199.53975225349,-3026.8195000000005,-56.65394253350678,52.49012077760932,14.04939591884613,0.0,2026-03-22 07:40:07
1774136700000,70127.2,70127.3,70111.0,70111.1,8.2753,32.07967007030369,70191.2565368834,-3157.039499999999,-56.549446068456746,53.1510976479503,5.2000295370817184,0.1409999999999127,2026-03-22 07:45:09
1774137000000,69544.0,69545.3,69502.3,69516.2,54.5189,11.152718631793382,70078.09035891679,-5391.5217999999995,-138.29642451224208,91.62199497244715,17.109888792037964,6.04,2026-03-22 07:50:11
1774137300000,69074.0,69074.0,68835.8,68902.0,436.1785,6.427892391977301,69927.97887313318,-9605.1115,-241.5627393461764,151.29906474219513,54.81855273246765,11.86300000000003,2026-03-22 07:55:12
1774137600000,68889.3,68892.6,68713.5,68732.1,164.8311,5.65582810520451,69812.99020496968,-13030.915699999998,-306.4158766555629,179.06025594220623,84.10910367965698,0.0,2026-03-22 08:00:14
1774137900000,68405.3,68439.5,68350.3,68350.4,63.002,4.460330273964358,69645.52568668936,-15667.649599999999,-403.51687572365336,207.49924103625332,91.22529029846191,-3.6930000000000294,2026-03-22 08:05:16
1774138200000,68810.9,68886.0,68793.7,68828.6,99.3103,24.219737370437407,69607.39195855896,-13539.997,-388.0546678570827,231.49666428147574,22.61454164981842,0.8939999999999418,2026-03-22 08:10:18
1774138500000,68651.5,68739.2,68619.9,68719.0,124.7945,24.358626271610817,69507.52016699626,-14550.927899999997,-419.93552461703075,239.31923675320263,6.062227487564087,0.0,2026-03-22 08:15:20
1774138800000,68849.6,68851.6,68800.0,68800.0,140.2468,28.31575601792885,69451.38761975348,-13921.3116,-414.5477297126199,245.4939119622664,2.2225743159651756,-0.6430000000000291,2026-03-22 08:20:21
1774139100000,68816.0,68816.0,68737.0,68738.7,66.7964,27.399761743046025,69384.89707811279,-14475.066699999998,-417.65575966578035,242.2042220114716,1.2384758330881596,-0.0720000000001164,2026-03-22 08:25:23
1774139400000,68859.8,68972.8,68859.8,68972.8,96.8639,34.414710249792996,69356.08299817075,-13404.176399999998,-390.20380025905615,237.92801947190384,0.6544154603034258,-2.476000000000058,2026-03-22 08:30:25
1774139700000,69054.7,69122.5,69037.1,69056.2,100.4907,37.19183128402264,69334.57013674689,-12781.666699999996,-360.12661498616217,233.52741354523894,0.4480559378862381,-3.2,2026-03-22 08:35:27
1774140000000,68925.5,68940.9,68919.0,68926.8,34.0511,34.756966621376584,69284.47109811289,-12546.191899999998,-355.93282474136504,226.6795520086964,0.6302277091890574,-1.968000000000029,2026-03-22 08:40:28
1774140300000,69025.6,69035.6,68957.2,68970.7,109.4994,36.96475510684091,69263.1004428645,-12611.3023,-330.83807696105214,224.3113883803597,0.6739781238138676,-2.463000000000029,2026-03-22 08:45:30
1774140600000,69000.1,69000.1,68836.2,68918.9,392.0838,35.82226341569569,69232.85064626772,-13086.3285,-315.8936595665873,224.2686015272334,0.8188390173017979,-1.8510000000000582,2026-03-22 08:50:32
1774140900000,68823.2,68836.0,68800.0,68800.5,20.4993,33.541740978218,69183.42621553883,-13215.8373,-317.7682027089613,217.64890212168459,1.124382857233286,-0.6410000000000582,2026-03-22 08:55:34
1774141200000,68905.6,68992.0,68905.5,68939.5,51.2801,38.25244138583786,69169.25025880565,-13013.2915,-292.08271389000583,215.14162074427801,0.8142812177538872,-2.075,2026-03-22 09:00:35
1774141500000,68985.3,69020.7,68974.9,68974.9,20.2142,39.61442336462166,69154.68535141699,-12505.8646,-269.54911460072617,207.22573519023587,0.6988268811255693,-2.43,2026-03-22 09:05:37
1774141800000,68830.4,68852.0,68800.0,68838.9,74.4183,36.75072979967395,69112.1490253121,-12247.194700000002,-271.4402115521225,205.73270289798742,0.7467393763363361,-1.09,2026-03-22 09:10:39
1774142100000,68929.0,68929.0,68875.2,68899.8,17.227,39.26374417623955,69099.69639404757,-12227.839400000003,-250.38625280557608,199.9940638810622,0.5622808821499348,-1.6730000000000291,2026-03-22 09:15:41
1774142400000,69007.0,69007.0,68962.8,68997.3,17.494,42.49136224153136,69099.1883968154,-11645.5259,-222.2821748699207,197.82864984822046,0.4854873288422823,-2.6570000000001164,2026-03-22 09:20:42
1774142700000,69005.1,69016.0,68992.4,69001.9,7.4214,42.60908565226963,69090.5957332579,-12102.198400000001,-203.6029548629158,188.2160358371001,0.4043877124786377,-2.7170000000001164,2026-03-22 09:25:44
1774143000000,68985.9,68994.4,68933.3,68971.9,39.5253,41.74760158192447,69077.92272091268,-12352.9015,-190.50930616162077,182.60445558951292,0.3534906776621938,-2.418000000000029,2026-03-22 09:30:46
1774143300000,68963.9,68982.2,68963.8,68982.1,9.2899,42.2863113256475,69068.10010345772,-12665.132200000002,-176.77277128541027,174.13120945923006,0.3236990887671709,-2.515,2026-03-22 09:35:48
1774143600000,68822.6,68843.9,68819.2,68837.6,24.8313,38.131498095435695,69032.39507376372,-13412.6427,-184.84575557586504,179.48948185881514,0.3280702279880643,-1.0570000000001165,2026-03-22 09:40:49
1774143900000,68804.0,68855.1,68804.0,68852.2,28.156,39.22883680203951,69012.33851273551,-13754.204199999998,-180.0006916072307,174.43095022303308,0.3054293803870678,-1.2120000000001165,2026-03-22 09:45:51
1774144200000,68884.0,68909.2,68880.0,68888.1,30.7206,40.86513499669611,69003.24590384445,-13557.5644,-167.22574629417795,167.96290658838402,0.292550609447062,-1.5990000000000872,2026-03-22 09:50:53
1774144500000,68920.0,68950.0,68917.0,68926.9,37.7214,42.65474568527789,68998.73186622272,-13460.036299999998,-152.2322671853035,161.3868236124529,0.2769049257040024,-1.9540000000000874,2026-03-22 09:55:55
1774144800000,68925.3,68975.9,68905.1,68920.9,51.5986,42.40731722070823,68991.18971712935,-13349.698299999998,-141.32036333763972,156.34413194683376,0.27099831495434046,-1.9240000000000874,2026-03-22 10:00:56
1774145100000,68968.9,69025.4,68961.7,68990.0,59.5283,45.82225070875462,68995.21288367924,-12971.5446,-122.59951245985576,150.05272832464064,0.26358100585639477,-2.585,2026-03-22 10:05:58
1774145400000,68925.0,68935.0,68903.8,68917.7,15.6909,42.69987031149134,68982.2317627552,-13171.431699999997,-119.3139170386421,143.99271577248876,0.26412156876176596,-1.9020000000001165,2026-03-22 10:11:00
1774145700000,69005.9,69006.0,68982.8,69005.6,14.3686,47.13920277596935,68992.06870500094,-13061.637099999998,-98.86936780360702,141.66123085533602,0.24924336466938257,-2.7580000000000293,2026-03-22 10:16:02
1774146000000,68985.8,68986.4,68958.3,68958.4,71.72,44.97367491459457,68987.15847711565,-13493.644099999996,-92.22939634410432,137.84900830974266,0.2466496080160141,-2.3410000000000584,2026-03-22 10:21:03
1774146300000,69042.8,69065.5,69040.3,69065.4,30.3366,50.352316166863446,69001.88402796198,-13016.095899999997,-71.0003622083168,135.89479453781067,0.2423138590529561,-3.37,2026-03-22 10:26:05
1774146600000,69307.9,69327.0,69250.5,69273.0,108.8691,58.36520008798139,69048.53265353665,-12214.001399999997,-27.38321957421431,152.94395965662656,0.21572783589363098,-5.437000000000117,2026-03-22 10:31:07
1774146900000,69213.2,69233.0,69187.1,69228.9,33.3475,56.1415162709071,69060.56678091292,-12674.314399999997,-15.195430108142318,149.76896189680647,0.20653000101447105,0.0,2026-03-22 10:36:09
1774147200000,69178.0,69197.4,69167.3,69182.4,34.6254,54.08062101901983,69067.77595861972,-12969.013299999997,-8.59080399722734,143.99911123237607,0.20353281870484352,0.4429999999998836,2026-03-22 10:41:10
1774147500000,69197.4,69221.2,69180.0,69180.8,21.9274,53.84013981130371,69079.83292639304,-12923.5891,0.6681052899220958,138.47781222921716,0.19793936517089605,0.485,2026-03-22 10:46:12
1774147800000,69261.6,69274.1,69202.2,69240.5,21.9022,56.161842201160525,69102.08781853886,-12812.344299999999,16.712720282797818,140.28586507634128,0.1888014143332839,-0.13,2026-03-22 10:51:14
1774148100000,69296.6,69322.7,69278.5,69278.6,37.6923,57.654646730126856,69123.73985715632,-12619.610299999998,30.557055364799453,134.91905579382959,0.1757485675625503,-0.4980000000000291,2026-03-22 10:56:16
1774148400000,69235.1,69237.4,69188.1,69193.4,61.2683,52.97525159136353,69126.63258951767,-12631.602599999997,28.07487765607948,131.8185904786723,0.17050786409527063,0.365,2026-03-22 11:01:18
1774148700000,69088.1,69139.3,69088.0,69130.2,34.5424,50.02617324344117,69117.89738341433,-12714.217799999997,16.99307052862423,133.18893662222703,0.1657702145166695,0.9829999999998836,2026-03-22 11:06:19
1774149000000,69178.2,69282.7,69178.2,69268.5,37.6986,55.969376556515066,69136.38420926771,-12540.224599999998,28.68906495021656,134.92977862378004,0.1598531031049788,-0.3880000000000291,2026-03-22 11:11:21
1774149300000,69268.9,69318.8,69264.1,69296.0,49.9843,57.06751847102043,69151.61916391474,-12482.260599999998,36.74034569429932,130.34728662636238,0.16838449519127607,-0.675,2026-03-22 11:16:23
1774149600000,69277.1,69295.9,69258.0,69258.1,24.5802,55.25162410934564,69160.13040463331,-12394.401099999997,38.40807760540338,127.01339078185495,0.16848527593538165,-0.3,2026-03-22 11:21:25
1774149900000,69267.6,69294.9,69248.2,69266.7,25.2401,55.718796011993625,69171.09749185704,-12535.528199999999,41.72867687913822,124.24340879969834,0.16643671551719308,-0.4060000000000582,2026-03-22 11:26:27
1774150200000,69395.0,69482.7,69386.2,69390.0,201.1176,60.8074064727487,69203.00825321555,-12229.791699999996,61.005388463352574,135.83334209798275,0.16147563001140952,-1.5710000000000583,2026-03-22 11:31:28
1774150500000,69346.2,69576.8,69329.0,69423.1,542.8144,61.32835894044164,69220.1942190358,-11810.545699999999,67.32928292908764,149.23089525304835,0.1628715544939041,-1.9170000000001164,2026-03-22 11:36:30
1774150800000,69372.0,69372.0,69315.5,69346.9,70.8107,57.69223313580278,69227.88322283789,-11615.907799999997,65.04648596822517,142.6315852188956,0.16601509414613247,-1.1660000000000583,2026-03-22 11:41:32
1774151100000,69325.0,69329.7,69255.4,69275.4,90.9662,53.399198758629005,69230.52051544013,-12016.710499999997,58.63910302518343,140.68363891888782,0.16837222501635551,-0.4320000000001164,2026-03-22 11:46:34
1774151400000,69285.0,69294.4,69241.1,69253.9,79.0548,52.10460559880737,69233.5759304746,-12085.016899999997,53.18719563022023,134.43882466483882,0.16511885914951563,-0.2260000000000582,2026-03-22 11:51:35
1774151700000,69275.1,69328.0,69275.0,69296.3,48.0945,54.553499581106095,69241.36992424865,-12199.122399999998,52.38376582659839,129.78739744915373,0.16165913548320532,-0.6670000000001164,2026-03-22 11:56:37
1774152000000,69304.5,69320.0,69274.1,69303.7,101.9567,54.93826014521991,69248.02324829157,-12276.456499999997,50.94147657327994,123.7968248779559,0.15811673365533352,-0.735,2026-03-22 12:01:39
1774152300000,69352.0,69453.7,69345.7,69444.4,109.613,62.14266518402885,69270.88966863953,-11826.144599999998,62.91065859684022,127.16577512957039,0.14894137857481837,-2.1370000000001164,2026-03-22 12:06:41
1774152600000,69395.2,69405.7,69331.5,69355.1,28.137,56.802997806857796,69274.6720572676,-11788.203299999997,58.39254965938744,123.38451240682726,0.14641010202467442,-1.27,2026-03-22 12:11:43
1774152900000,69405.7,69485.0,69405.6,69450.4,101.0942,62.740057128162675,69295.76070695855,-11500.242199999997,67.97290161404817,120.2415773887628,0.1469317707233131,-2.2160000000000584,2026-03-22 12:16:45
1774153200000,69359.3,69359.3,69259.0,69261.3,93.8696,49.73747747353671,69284.6304658411,-11971.734099999996,50.85371861763997,121.89444879294288,0.15674663009122014,-0.3290000000000873,2026-03-22 12:21:47
1774153500000,69229.9,69242.6,69185.7,69200.0,76.8451,46.066670129012984,69273.8662837343,-12293.552699999997,35.73143615855952,122.24165006748882,0.17169896746054292,0.2939999999999418,2026-03-22 12:26:49
1774153800000,69230.5,69243.2,69177.7,69179.2,229.2481,44.72151782072192,69267.479682931,-12188.649899999997,25.65567787468899,118.66600492903723,0.17602542648091912,0.5309999999999127,2026-03-22 12:31:51
1774154100000,69309.3,69335.7,69281.3,69302.8,97.4482,52.597537368291256,69282.05496841519,-11743.251099999996,33.43408780575555,120.28419638056587,0.16801521414890885,-0.7410000000000582,2026-03-22 12:36:53
1774154400000,69297.0,69297.0,69275.7,69282.9,16.8488,51.155236066908124,69281.63665184667,-11874.046599999994,29.082793249370297,113.21014921002767,0.1643236493691802,-0.5490000000000873,2026-03-22 12:41:55
1774154700000,69308.1,69366.7,69308.0,69331.6,46.7894,54.562524527806325,69288.55888275466,-11808.484099999996,31.13732216815697,110.57782995842392,0.16233109636232257,-1.043000000000029,2026-03-22 12:46:57
1774155000000,69296.9,69303.5,69274.4,69285.0,56.012,51.054299525697594,69285.22995924855,-12071.036399999997,24.96863781347929,107.41215979224532,0.16808232758194208,-0.5660000000000582,2026-03-22 12:51:59
1774155300000,69300.1,69324.0,69286.1,69307.1,34.636,52.86230733811869,69288.60495533387,-11537.484099999996,24.71033271518536,104.12562398438261,0.17326880479231477,-0.7910000000000582,2026-03-22 12:57:01
1774155600000,69306.9,69321.2,69197.5,69214.0,87.6693,45.14580033160261,69281.48247833224,-11545.482299999996,15.847790109663038,106.53258037568754,0.184268644079566,0.0919999999999709,2026-03-22 13:02:03
1774155900000,69245.7,69272.4,69238.8,69238.8,37.7592,46.935832272642436,69280.14880790413,-11674.275299999998,12.668958248323179,101.32338722674339,0.19017335725948215,-0.1,2026-03-22 13:07:05
1774156200000,69195.0,69201.0,69175.3,69179.5,51.2914,42.425551667601454,69266.79636301026,-11812.947599999998,0.6292929512565024,99.82442715355232,0.1929685939103365,0.4759999999999127,2026-03-22 13:12:07
1774156500000,69191.3,69207.5,69122.1,69170.0,125.104,41.65665488814164,69258.59307112922,-11935.798799999995,-6.1109532834234415,101.3128998438415,0.19432035041972995,0.5819999999999709,2026-03-22 13:17:09
1774156800000,69196.6,69206.7,69176.0,69188.9,23.1664,43.10135344964447,69254.24656462643,-11786.370499999995,-8.920257485093316,98.26044177170668,0.20009360741823912,0.4,2026-03-22 13:22:10
1774157100000,69131.3,69185.0,69131.3,69184.9,60.5585,44.47452563930525,69242.6770894285,-11592.859599999996,-16.53911988020991,98.0685069510776,0.2014719881117344,0.435,2026-03-22 13:27:12
1774157400000,69136.6,69194.3,69136.6,69188.1,61.8822,45.14485572559444,69233.31751848359,-11527.047699999996,-21.454354187488207,96.86765836480286,0.20591511856764555,0.4069999999999709,2026-03-22 13:32:14
1774157700000,69124.4,69148.6,69102.2,69116.2,56.2105,37.776909716822175,69216.683119559,-11869.767399999995,-31.69860891252756,96.00386141598368,0.21491169463843107,1.1109999999999127,2026-03-22 13:37:16
1774158000000,69146.7,69178.6,69142.3,69153.2,37.116,42.07524583554503,69213.25693468179,-11610.848699999997,-30.562395716900937,91.74066773270853,0.2206102479249239,0.7679999999998836,2026-03-22 13:42:18
1774158300000,69160.1,69188.6,69150.3,69188.6,48.7735,46.44745514478984,69211.50393842206,-11603.345099999997,-27.973479538806714,87.98729288162534,0.23186556063592434,0.4119999999999709,2026-03-22 13:47:20
1774158600000,69173.9,69188.0,69136.7,69140.2,40.3475,41.32382670122533,69203.45665707384,-11629.431099999996,-30.81639412883669,87.6568787668145,0.2434833673760295,0.8829999999998837,2026-03-22 13:52:22
1774158900000,69128.0,69149.4,69110.0,69115.6,82.3181,39.11491651987032,69194.03867699557,-11633.401799999998,-34.56112885881157,84.99004100948584,0.25074672885239124,1.1279999999998835,2026-03-22 13:57:24
1774159200000,69115.5,69115.6,69040.1,69072.7,324.8741,35.43801148230733,69182.48368702887,-11898.128099999998,-39.82299096148927,84.31161150926368,0.2593726385384798,1.5559999999999128,2026-03-22 14:02:26
1774159500000,69111.5,69111.6,69060.4,69067.5,92.4561,34.767959270629156,69174.8777331212,-12154.830699999997,-41.54697522211063,83.98494810397862,0.26800092309713364,1.62,2026-03-22 14:07:28
1774159800000,69110.0,69132.8,69090.8,69121.2,44.7961,40.4044078190799,69173.4197921058,-12294.673599999996,-38.01716679632955,82.99126443288344,0.26278221048414707,1.08,2026-03-22 14:12:30
1774160100000,69102.9,69130.4,69090.8,69090.8,26.9483,36.50819557083989,69163.98302728945,-12326.342699999997,-40.97393734779325,80.35093630086541,0.2651709830388427,1.3809999999999127,2026-03-22 14:17:32
1774160400000,69131.9,69174.2,69045.4,69101.3,282.8409,39.26554047084629,69161.54654849581,-12462.780499999997,-38.35027725700638,87.02422090121965,0.2621737541630864,1.2779999999998837,2026-03-22 14:22:35
1774160700000,69123.6,69133.1,69102.8,69128.5,49.8647,42.569167879440755,69160.33032526342,-12466.088099999997,-34.85980900429422,82.9710959991683,0.26156699750572443,1.0069999999999708,2026-03-22 14:27:37
1774161000000,69203.3,69209.4,69136.5,69160.0,58.6357,47.665051679749396,69166.75051968475,-12375.357599999998,-26.006934233475477,86.90937379386794,0.25481563061475754,0.6829999999998836,2026-03-22 14:32:39
1774161300000,69136.5,69170.5,69136.5,69170.5,21.9497,49.341974175600285,69165.09849143325,-12329.594399999998,-24.044694734882796,83.13238788324081,0.2589925890788436,0.5759999999999127,2026-03-22 14:37:41
1774161600000,69166.2,69169.6,69165.2,69169.5,15.9336,49.3270798093245,69165.1770552741,-12244.229699999996,-21.076673846924677,77.72446756431204,0.253451825119555,0.5919999999999709,2026-03-22 14:42:43
1774161900000,69163.5,69163.5,69120.0,69141.3,71.6555,45.856612638195465,69162.38974206401,-12431.781399999998,-20.881037351166015,76.39130328010235,0.2523362869396806,0.8729999999998836,2026-03-22 14:47:45
1774162200000,69121.1,69169.1,69121.0,69155.6,24.3722,48.189339471944,69160.00535578407,-12358.543099999997,-20.18911198595015,74.3684045171197,0.25177355855703354,0.6939999999999418,2026-03-22 14:52:48
1774162500000,69130.0,69132.9,69120.0,69126.1,53.8163,44.47420989978454,69154.57640743958,-12365.291499999998,-22.068627662432846,69.9797588827255,0.2463714685291052,1.0259999999999128,2026-03-22 14:57:50
1774162800000,69126.1,69165.0,69120.0,69155.2,76.555,48.69463648776327,69154.64048575771,-12448.827899999998,-19.377661434118636,68.20001534204876,0.23600964341312647,0.6369999999999709,2026-03-22 15:02:52
1774163100000,69165.0,69217.1,69156.8,69192.5,42.6688,53.527882559276605,69159.08369440767,-12270.521299999999,-13.450734218204161,69.3673015786002,0.2273782854899764,0.3589999999999418,2026-03-22 15:07:54
1774163400000,69124.2,69138.0,69089.2,69128.3,87.0492,45.50954638801794,69150.26349625643,-12267.931099999998,-18.56311146961525,70.07839832848175,0.22734487429261208,1.0069999999999708,2026-03-22 15:12:56
1774163700000,69117.0,69135.9,69117.0,69135.6,23.4261,46.858943713403214,69147.89016920632,-12157.122299999997,-18.200536202071817,67.15833861537199,0.23641246370971203,0.9309999999999127,2026-03-22 15:17:58
1774164000000,69119.5,69145.4,69100.4,69131.6,39.8822,46.36036500039273,69144.93659521572,-12016.239499999996,-18.29133210654254,66.33452949041207,0.23703915067017078,0.9729999999998836,2026-03-22 15:23:00
1774164300000,69133.6,69168.1,69131.1,69154.1,27.3341,50.01654850573489,69145.97434590707,-11590.983099999998,-15.195004154360504,65.42336279596293,0.23550190962851048,0.7519999999999709,2026-03-22 15:28:02
1774164600000,69140.5,69141.0,69120.0,69120.0,20.4275,44.825321593589244,69142.32343195564,-11732.670399999995,-16.264283484517364,62.277174849960105,0.2418049145489931,1.0669999999999709,2026-03-22 15:33:04
1774164900000,69091.9,69109.0,69040.0,69071.5,119.7625,38.82988684149412,69133.15642438192,-11789.521199999997,-21.63366270485858,67.82693516181877,0.2431849716231227,1.5559999999999128,2026-03-22 15:38:06
1774165200000,68967.9,69002.6,68919.5,68954.6,240.9991,29.065379681331805,69107.22076625435,-12163.386199999997,-39.523890679498436,74.1710360756286,0.25421991012990475,2.736999999999971,2026-03-22 15:43:08
1774165500000,68911.9,69000.0,68869.6,68964.7,229.3612,34.31407091707979,69089.94866599998,-12227.473599999998,-48.44679922785144,80.3791946579581,0.2568671712651849,2.5519999999999707,2026-03-22 15:48:10
1774165800000,69030.1,69050.0,69000.0,69000.0,80.8514,39.67245882427265,69087.00297533874,-12333.735699999997,-45.33991979050916,80.24030442119204,0.25611654855310917,2.352999999999884,2026-03-22 15:53:12
1774166100000,68962.1,68985.0,68900.0,68923.0,119.7451,34.320452973342775,69068.09140718891,-12594.658599999997,-54.918909740881645,83.46448508953254,0.26822902727872133,3.055,2026-03-22 15:58:14
1774166400000,68883.4,68883.5,68671.3,68735.9,786.4427,25.720888126242713,69033.03087143962,-11184.829200000002,-76.74482011742657,96.0149675764152,0.29125299770385027,5.140999999999913,2026-03-22 16:03:16
1774166700000,68813.0,68900.0,68803.1,68848.0,247.2387,32.76600021707573,69022.04101787787,-7770.7020999999995,-76.85128125498886,96.05078806851073,0.8133751340210438,3.812999999999884,2026-03-22 16:08:18
1774167000000,68857.2,68930.5,68840.2,68900.0,134.389,37.95308797014793,69011.2066829606,-3958.6454,-76.1997113233665,95.58688741104426,99.87204074859619,3.3179999999998837,2026-03-22 16:13:20
1774167300000,68950.0,68951.0,68835.0,68835.0,107.4207,36.52793019689933,68998.73439210316,-1213.4512999999993,-77.52454839201528,98.29895487872679,99.93947744369507,0.0,2026-03-22 16:18:22
1774167600000,68791.2,68833.8,68704.2,68768.7,252.6496,33.15355089590582,68973.0613517961,-3489.3475,-88.8430462852557,103.59942823154051,99.90863800048828,-0.6510000000000582,2026-03-22 16:23:24
1774167900000,68855.2,68906.8,68466.7,68607.5,1889.4041,29.77813875599989,68945.70131532676,-3934.0646999999985,-101.4557232306397,129.25810367188276,99.93237257003784,-2.246000000000058,2026-03-22 16:28:26
1774168200000,68588.0,68736.5,68569.8,68648.1,372.1074,33.29869507611389,68915.69071935216,-4584.3808,-113.55963621550472,131.91703012448713,99.89802241325378,-1.7830000000000292,2026-03-22 16:33:28
1774168500000,68590.0,68679.8,68528.8,68655.3,278.6087,34.13834704275108,68885.88634145865,-3506.1332,-123.48966627418122,133.25230364721736,99.91638660430908,-1.7980000000000291,2026-03-22 16:38:30
1774168800000,68661.9,68762.3,68651.5,68707.3,154.3985,37.88198869070284,68869.44793607855,-3931.7487999999994,-121.69115169144061,131.64627428761872,99.85163807868958,-1.2790000000000874,2026-03-22 16:43:32
1774169100000,68707.4,68766.1,68678.7,68735.9,74.9463,39.69892753942743,68856.73898807248,-4524.898199999999,-117.02034022683802,128.48625537201804,98.45667481422424,-0.9640000000000873,2026-03-22 16:48:34
1774169400000,68741.1,68741.2,68658.0,68658.0,93.136,36.52956173536598,68838.2650777561,-4083.2774999999997,-117.89509357247152,125.2458947363594,99.88901019096375,-1.7820000000001164,2026-03-22 16:53:36
1774169700000,68706.1,68795.3,68680.0,68792.1,106.8387,44.407054914008675,68838.01237629236,-4263.928999999999,-103.91302907231147,124.52888520890924,99.86353516578674,-0.4310000000000582,2026-03-22 16:58:38
1774170000000,68770.0,68815.2,68746.0,68768.5,120.4418,42.841230925418614,68829.48471160409,-3960.8444,-98.00630928040482,120.5771519693893,99.87083673477173,-0.6630000000000291,2026-03-22 17:03:40
1774170300000,68730.1,68827.6,68720.0,68827.6,82.8073,47.539550311829274,68825.99832643618,-3046.5325000000003,-88.53194343806535,120.70492105155492,99.89179372787476,-0.0730000000000291,2026-03-22 17:08:43
1774170600000,68820.0,68848.4,68775.0,68832.0,87.7302,47.85137236325643,68825.92184240426,-3135.8171,-77.85595684104192,117.98012884032885,99.53668117523193,-0.0290000000000873,2026-03-22 17:13:45
1774170900000,68831.9,68870.0,68614.4,68624.9,258.4721,37.57699724765156,68806.76625451607,-3746.7019,-84.64612364594359,127.80820587139505,99.86408352851868,-2.16,2026-03-22 17:18:47
1774171200000,68692.0,68758.1,68681.8,68699.8,116.344,41.029810363706616,68802.36624484447,-3426.3145000000004,-78.8624200233462,124.12557514591903,99.90010857582092,-1.373000000000029,2026-03-22 17:23:48
1774171500000,68637.6,68660.0,68536.7,68630.0,406.2616,37.67192363772403,68780.58950409568,-4613.991499999999,-87.0497991254233,129.47682059667724,99.9010443687439,-2.0370000000001163,2026-03-22 17:28:50
1774171800000,68613.9,68658.0,68603.4,68632.1,114.9432,38.31945420864104,68765.05758170279,-4843.095399999999,-89.40173810864508,124.12639446004778,99.8711347579956,-2.005,2026-03-22 17:33:52
1774172700000,68742.0,68770.1,68722.9,68770.1,22.0773,48.02830145895414,68761.9075429198,-3916.0000999999997,-63.29207171207236,113.65948688742776,99.83600974082947,-0.6480000000000291,2026-03-22 17:46:42
1774173000000,68743.8,68775.6,68740.0,68742.9,24.7119,46.216114969675154,68757.82954734695,-3003.0360000000005,-59.09151213936275,108.16551075956835,99.90593791007996,-0.9130000000000291,2026-03-22 17:51:44
1774173300000,68790.6,68809.6,68782.9,68786.3,40.1431,49.428277208731274,68764.6523976673,-2703.3165,-47.109223974417546,104.5452191285265,99.90127086639404,-0.4840000000000873,2026-03-22 17:56:46
1774173600000,68780.0,68784.9,68721.7,68734.9,64.5945,45.7678264114186,68761.27832621137,-2941.4762000000005,-44.66551059471385,102.51076673508598,99.90087747573853,-1.0010000000000583,2026-03-22 18:01:48
1774173900000,68790.9,68801.0,68665.6,68666.1,724.1511,41.341005549372206,68757.03894860948,-3645.9314000000004,-43.88270702284353,105.51732949585093,99.89890456199646,-1.6780000000000292,2026-03-22 18:06:51
1774174200000,68663.1,68686.8,68637.4,68686.8,27.8282,43.165527172770574,68750.08317951146,-3815.581900000001,-44.80583545709669,102.05093372572517,99.87925291061401,-1.475,2026-03-22 18:11:53
1774174500000,68709.0,68709.0,68600.0,68650.0,166.011,41.253320438775376,68742.4653424443,-4096.605100000001,-46.393556373077445,104.02774008417546,99.87467527389526,-1.8670000000001163,2026-03-22 18:16:54
1774174500000,68709.0,68709.0,68600.0,68658.9,290.4176,41.75553428417915,68743.3129614919,-4221.011700000001,-45.683584863101714,104.02774008417546,99.87106323242188,-1.8080000000000291,2026-03-22 18:19:29
1774174800000,68658.9,68699.5,68650.6,68699.5,81.2785,45.12199878905087,68739.15058182097,-3985.4608000000007,-43.992860474216286,100.09592584235354,99.87208247184753,-1.3580000000000292,2026-03-22 18:24:30
1774175100000,68695.0,68695.0,68666.2,68686.1,57.1553,44.111041643407795,68733.71395639538,-4190.672100000002,-43.53625080357597,95.03979501101742,99.85747337341309,-1.4820000000001163,2026-03-22 18:29:32
1774175400000,68692.0,68731.7,68660.0,68665.3,44.3181,42.719281476263646,68727.70966997989,-3907.4272000000005,-43.710168037898256,93.37283745024232,99.88765120506287,-1.6960000000000583,2026-03-22 18:34:34
1774175700000,68651.5,68656.1,68575.4,68600.1,411.6317,38.7617086839984,68714.37912487096,-4646.3458,-49.77206499790191,93.13533622240516,99.8839795589447,-2.33,2026-03-22 18:39:36
1774176000000,68600.0,68617.4,68548.0,68562.3,221.5123,36.24757492359535,68699.88887920081,-5849.183399999999,-56.11116997660429,91.44191236397474,99.70678687095642,-2.7620000000001164,2026-03-22 18:44:38
1774176300000,68583.4,68627.7,68583.4,68587.7,167.4805,37.938447075959,68691.02851447275,-5177.394000000001,-57.073837638890836,88.0495214777623,99.75261092185974,-2.4840000000000875,2026-03-22 18:49:41
1774176600000,68568.3,68620.0,68548.0,68600.6,74.7009,40.0509687602057,68680.7436986059,-5310.782,-58.678402382764034,88.2747776303222,99.42829608917236,-2.3460000000000583,2026-03-22 18:54:43
1774176900000,68608.1,68653.2,68600.1,68619.0,70.7174,41.97979420714675,68675.5102767169,-5365.1867999999995,-56.13233456943999,85.76744971158124,99.60885047912598,-2.1670000000001166,2026-03-22 18:59:44
1774177800000,68637.6,68637.6,68605.1,68607.7,4.3462,42.166396910078184,68657.73003323337,-5793.620500000001,-51.046578241715906,81.7626080075082,98.92265796661377,-2.3070000000001163,2026-03-22 19:10:22
1774178100000,68616.1,68619.5,68600.0,68619.4,8.5328,43.431756099755496,68654.79571314815,-5626.8217,-47.59436483234458,78.3211402645076,98.71233701705933,-2.1560000000000583,2026-03-22 19:15:24
1774178700000,68592.7,68592.7,68566.1,68577.5,7.3,40.548766222669954,68638.40220848806,-5909.853900000001,-49.44255538658763,77.77777357427732,92.6267683506012,-2.5860000000000585,2026-03-22 19:25:16
1774178700000,68592.7,68592.7,68359.4,68430.7,594.0425,31.277684568751877,68624.4212561071,-6496.5964,-61.1530966971186,92.54205928856386,97.17568159103394,-4.049000000000087,2026-03-22 19:26:10
1774185600000,68746.7,68816.0,68703.4,68735.4,343.079,60.59944817227572,68611.49251519474,-3421.9267999999997,60.087761003058404,118.44711362224699,99.9194085597992,0.0,2026-03-22 21:24:02
1774185900000,68741.7,68741.8,68731.8,68734.0,11.4288,60.4330548951371,68623.70235648892,-3353.8468999999986,62.01680436976312,110.6985159914522,99.92068409919739,-0.0269999999999709,2026-03-22 21:25:49
1774186500000,68647.0,68660.0,68550.0,68573.1,185.6646,47.36194832043164,68622.91634443014,-4085.911799999999,45.064589700632496,118.33375920306216,99.86298084259033,-1.59,2026-03-22 21:37:29
1774187100000,68590.6,68590.6,68558.6,68590.6,36.1351,48.396713946148715,68620.155977242,-4158.025599999999,31.23509649038897,113.331825942246,68.73100996017456,-1.4209999999999128,2026-03-22 21:46:25
1774187400000,68630.0,68630.1,68588.1,68608.6,46.1454,49.71260594337911,68622.45096748258,-4181.076999999999,28.67868053120037,112.5447507134943,60.21197438240051,-1.2559999999999127,2026-03-22 21:51:27
1774187700000,68710.9,68714.1,68691.6,68707.3,31.2946,56.689705840938636,68639.34692557273,-4050.448499999998,38.075688194687245,112.09820003450442,46.31303548812866,-0.3129999999998836,2026-03-22 21:56:29
1774188000000,68657.2,68725.0,68655.8,68655.8,57.2699,52.52131035362986,68636.58791117069,-4293.606299999998,31.40388362201338,111.32596855585508,44.09111440181732,0.0,2026-03-22 22:01:31
1774188300000,68572.1,68587.2,68544.9,68571.6,38.7931,46.58643280856268,68623.1856134498,-4560.752099999999,17.07670754948049,118.5393457557752,48.44488501548767,0.0,2026-03-22 22:06:33
1774188600000,68646.4,68711.0,68646.3,68674.5,62.9157,53.65948449660861,68634.51014902219,-4232.926,23.683235348100425,118.62029762392541,42.347705364227295,0.0,2026-03-22 22:11:35
1774188900000,68739.1,68739.1,68700.0,68702.0,41.6956,54.6725715490172,68646.49831219259,-3745.3478000000014,30.089096506198985,117.16831070297042,46.91585898399353,0.0,2026-03-22 22:16:37
1774189200000,68716.2,68716.2,68682.7,68696.0,44.6435,54.14531414906855,68652.43975790031,-3649.5459,31.13925245575956,111.51236030216745,46.32735848426819,0.0,2026-03-22 22:21:38
1774189500000,68806.2,68811.2,68719.5,68755.4,63.6175,56.799881306584076,68671.74252977126,-3178.7562000000007,42.226152515169815,120.19005139430266,45.22629678249359,0.0,2026-03-22 22:26:40
1774189800000,68805.8,68816.0,68788.1,68792.5,49.5131,59.47559911834275,68687.58845620696,-3336.203000000001,49.61305574866128,113.59939199644688,47.60704040527344,0.0,2026-03-22 22:31:42
1774203600000,68674.9,68679.1,68619.9,68643.0,115.2688,42.864468652208586,68691.12496110733,-327.45999999999975,-24.427925964497263,67.75400477774848,54.17999625205994,-0.786999999999971,2026-03-23 02:25:00
1774203900000,68640.8,68646.5,68622.2,68643.8,10.7155,42.961177706246374,68686.44015332,-380.66370000000006,-25.181903208678705,64.64171819027315,54.55857515335083,-0.7569999999999709,2026-03-23 02:25:49
1774204200000,68655.7,68679.1,68652.2,68679.0,13.4996,47.894559770240186,68686.75883448902,-50.43970000000088,-21.788688507454935,62.5624183956706,53.768718242645264,-0.3789999999999418,2026-03-23 02:30:51
1774204500000,68476.0,68528.7,68414.8,68512.0,127.5347,34.855211113410924,68652.62661582317,-291.43740000000076,-45.445965881226584,81.07509862687898,59.705448150634766,-2.086999999999971,2026-03-23 02:35:53
1774204800000,68422.9,68455.9,68400.2,68455.9,26.6808,31.743585193268103,68626.22392616868,-984.8685000000007,-60.724585277203005,87.57708377086732,61.40736937522888,-2.6360000000000583,2026-03-23 02:40:55
1774205100000,68432.0,68432.0,68402.0,68427.3,15.2313,28.463768281436028,68605.21937665927,-846.0265000000011,-70.19358530316094,86.17744885237123,64.3368124961853,-2.9239999999999418,2026-03-23 02:45:57
1774205400000,68510.0,68555.9,68489.3,68537.0,76.7543,41.2486712503708,68605.8483365457,-219.44690000000077,-61.47139996624901,90.18548598418292,66.8057382106781,-1.83,2026-03-23 02:52:59
1774205700000,68494.9,68525.3,68494.9,68520.6,26.7576,40.252762319758425,68594.09055055182,-124.73190000000011,-63.01903255828074,85.92458348190708,65.96071720123291,-1.9910000000000583,2026-03-23 02:58:01
1774206000000,68578.8,68589.6,68510.0,68526.0,95.2767,42.10799422058881,68592.61631649236,4.926099999999465,-56.84939361389843,89.64917196149906,63.116270303726196,-1.926999999999971,2026-03-23 03:03:03
1774206300000,68428.1,68488.6,68421.3,68451.0,48.7005,38.39429860516945,68570.67998912613,-137.65170000000043,-67.020117625274,96.75535554163501,61.40056848526001,-2.6760000000000583,2026-03-23 03:08:10
1774250400000,67971.2,67971.2,67959.5,67970.0,5.4664,41.644176218964375,68115.66325618842,3862.4999000000016,-165.99798086353985,184.07853918290084,99.26970601081848,0.66,2026-03-23 15:20:12
1774251300000,67953.8,68250.0,67950.3,68210.3,825.7705,52.73997168256735,68068.1980413252,5315.509500000001,-136.03523271316953,215.60966406081636,45.52513659000397,3.1690000000000875,2026-03-23 15:39:27
1774251900000,68291.2,68373.5,68262.1,68373.5,397.0465,57.425965308621095,68114.24895665611,7027.779900000001,-67.46220772976812,204.46702004405364,47.59458303451538,0.0,2026-03-23 15:46:01
1774251900000,68291.2,68402.0,68262.1,68327.8,755.3008,56.18901997348404,68109.89657570372,7386.034200000001,-71.10779177534278,206.50273432976795,46.65388464927673,0.0,2026-03-23 15:49:58
1774252500000,68388.0,68388.0,68366.5,68377.4,9.3529,57.422539666108,68158.9624093267,7446.414900000002,-17.251174140837975,187.73611185692542,49.83925223350525,0.0,2026-03-23 15:55:10
1774252500000,68388.0,68424.0,68263.0,68289.7,380.2475,54.09135563207621,68150.61002837433,7075.520300000001,-24.247185536834877,197.70039757121114,49.25602376461029,0.0,2026-03-23 15:59:03
1774252800000,68303.7,68445.2,68303.7,68407.6,255.6339,57.791084480232506,68176.27502056409,7589.424499999999,-0.6845273950602859,194.2166323531558,47.533535957336426,0.0,2026-03-23 16:04:05
1774253100000,68414.0,68524.8,68371.2,68462.0,402.6776,59.39511512075152,68204.0338676591,8335.0055,21.632249727656017,191.31301772829875,45.11485695838928,0.0,2026-03-23 16:09:07
1774253400000,68521.2,68655.0,68450.0,68627.8,775.8374,63.79310593353621,68249.49115951182,9508.9468,55.337225536073674,194.2145137764813,40.14951288700104,0.0,2026-03-23 16:14:08
1774253700000,68628.7,68679.0,68422.4,68435.0,606.6544,56.007124256826756,68267.23304997124,8604.553600000003,62.10095737554366,198.68783425224964,37.19073235988617,0.0,2026-03-23 16:19:10
1774254000000,68460.0,68558.1,68412.2,68484.3,201.5424,57.6095414853236,68290.05686691597,8239.4738,72.09711458117818,194.92282353953703,35.69450378417969,0.0,2026-03-23 16:24:12
1774254300000,68467.0,68480.0,68440.6,68445.4,107.3277,56.18983881403123,68303.35018665444,8602.711500000001,73.3819309289538,183.80527827625306,35.13850271701813,0.0,2026-03-23 16:29:14
1774254900000,68584.7,68588.0,68584.7,68588.0,0.2095,60.49483524351866,68354.01629080063,8962.197800000002,94.36462293128716,173.31636917916848,30.05765676498413,0.0,2026-03-23 16:35:05
1774255200000,68492.9,68493.0,68492.3,68492.3,1.1855,56.427632885395695,68358.98855003779,9357.490399999999,86.98292966812733,169.33758016498732,30.28603494167328,0.0,2026-03-23 16:40:07
1774255500000,68511.5,68530.2,68507.4,68507.4,8.6268,56.84006006213272,68374.7819026313,10078.331100000001,88.5381552183535,168.30826772106084,31.288912892341614,0.0,2026-03-23 16:45:08
1774255800000,68418.8,68418.8,68400.0,68400.1,5.5779,52.406733554512584,68369.56890606773,10721.4251,73.51765876699938,164.6126372538032,33.96824598312378,0.0,2026-03-23 16:50:10
1774256100000,68413.5,68414.5,68390.9,68400.1,7.3201,52.36171316880578,68373.63548406471,9792.9094,67.23629846909898,161.3219122050683,34.703466296195984,0.0,2026-03-23 16:55:12
1774256400000,68400.1,68443.7,68400.1,68416.7,21.7363,53.02557178801632,68377.7303619588,9314.713600000001,62.03214247489814,161.43014147112285,33.84104669094086,0.0,2026-03-23 17:00:14
1774256700000,68275.0,68279.4,68251.6,68277.5,84.3767,47.0316601567217,68355.98078556223,9429.9089,37.44297621921578,160.18251004686988,36.11006438732147,0.0,2026-03-23 17:05:16
1774257000000,68258.1,68268.8,68216.5,68216.5,107.3061,44.49882306760042,68341.01574438762,8916.9808,20.549085620456026,157.34619558608483,37.43210732936859,0.0,2026-03-23 17:13:50
1774257000000,68258.1,68268.8,68216.5,68256.8,121.2648,46.18753258272736,68344.85383962572,8903.022099999998,23.763900435282267,157.34619558608483,37.026622891426086,0.0,2026-03-23 17:14:20
1774257300000,68258.0,68318.5,68234.8,68286.0,121.9442,47.804068155160046,68339.36235063431,8878.165,16.38065613344952,152.0870582013253,38.80723714828491,0.0,2026-03-23 17:17:08
1777648200000,78260.0,78308.0,78241.0,78293.2,79.2482,53.21556906355064,78274.15685336397,5994.384499999999,58.27493874062202,172.42020869979046,64.2863392829895,0.0,2026-05-02 00:11:40
